date,pointer_attempts,fetched_content_files,fetch_errors,normalization_inputs,normalized_xml_artifacts,normalization_skips,normalization_errors,diff_current_record_count,diff_change_count,provider_count_total,service_count_total,signature_shape_records,alert_entry_count,listed_document_added,listed_document_removed,normalized_hash_changed,summary_field_changed,provider_inventory_changed,service_inventory_changed,provider_service_detail_changed
2026-05-20,43,41,2,41,31,9,1,31,0,393,4743,31,2,0,0,0,0,0,0,0
2026-05-21,43,42,1,42,31,10,1,31,0,393,4743,31,1,0,0,0,0,0,0,0
2026-05-22,43,42,1,42,31,10,1,31,26,393,4753,31,1,0,0,3,14,0,3,6
2026-05-27,43,42,1,42,31,10,1,31,40,393,4847,31,1,0,0,4,14,0,2,20
2026-05-28,43,42,1,42,31,10,1,31,0,393,4847,31,1,0,0,0,0,0,0,0
2026-05-29,43,41,2,41,31,9,1,31,21,393,4865,31,1,0,0,3,11,0,3,4
2026-05-30,43,41,2,41,31,9,1,31,0,393,4865,31,1,0,0,0,0,0,0,0
2026-05-31,43,41,2,41,31,9,1,31,0,393,4865,31,1,0,0,0,0,0,0,0
2026-06-01,43,41,2,41,31,9,1,31,0,393,4865,31,1,0,0,0,0,0,0,0
2026-06-02,43,41,2,41,31,9,1,31,17,393,4868,31,1,0,0,2,8,0,2,5
2026-06-03,43,42,1,42,31,10,1,31,14,393,4875,31,1,0,0,2,8,0,2,2
2026-06-04,43,41,2,41,31,9,1,31,8,393,4881,31,1,0,0,1,4,0,1,2
2026-06-05,43,38,5,38,28,9,1,28,3,368,4646,28,1,0,3,0,0,0,0,0
2026-06-06,43,38,5,38,28,9,1,28,7,368,4650,28,1,0,0,1,4,0,1,1
2026-06-07,43,41,2,41,31,9,1,31,3,393,4885,31,1,3,0,0,0,0,0,0
2026-06-08,43,39,4,39,29,9,1,29,2,367,4572,29,1,0,2,0,0,0,0,0
2026-06-09,43,41,2,41,31,9,1,31,12,393,4885,31,1,2,0,1,3,0,1,5
2026-06-10,43,38,5,38,28,9,1,28,3,368,4650,28,1,0,3,0,0,0,0,0
2026-06-11,43,41,2,41,31,9,1,31,13,393,4885,31,1,3,0,1,3,0,1,5
2026-06-12,43,36,7,36,27,8,1,27,4,297,4226,27,1,0,4,0,0,0,0,0
2026-06-13,43,41,2,41,31,9,1,31,10,393,4885,31,1,4,0,1,3,0,1,1
2026-06-14,43,41,2,41,31,9,1,31,0,393,4885,31,1,0,0,0,0,0,0,0
2026-06-15,43,38,5,38,28,9,1,28,3,368,4650,28,1,0,3,0,0,0,0,0
2026-06-16,43,38,5,38,28,9,1,28,8,366,4564,28,1,1,1,1,3,0,1,1
2026-06-17,43,41,2,41,31,9,1,31,22,394,4895,31,1,3,0,3,10,0,3,3
2026-06-18,43,41,2,41,31,9,1,31,0,394,4895,31,1,0,0,0,0,0,0,0
2026-06-19,43,41,2,41,31,9,1,31,6,394,4895,31,1,0,0,1,3,0,1,1
2026-06-20,43,41,2,41,31,9,1,31,15,394,4902,31,1,0,0,2,8,0,2,3
2026-06-21,43,41,2,41,31,9,1,31,0,394,4902,31,1,0,0,0,0,0,0,0
2026-06-22,43,41,2,41,31,9,1,31,0,394,4902,31,1,0,0,0,0,0,0,0
2026-06-23,43,40,3,40,30,9,1,30,15,384,4710,30,1,0,1,2,6,0,2,4
2026-06-24,43,41,2,41,31,9,1,31,1,394,4902,31,1,1,0,0,0,0,0,0
2026-06-25,43,41,2,41,31,9,1,31,7,394,4903,31,1,0,0,1,4,0,1,1
2026-06-26,43,42,1,42,31,10,1,31,0,394,4903,31,1,0,0,0,0,0,0,0
2026-06-27,43,40,3,40,30,9,1,30,9,377,4770,30,1,0,1,1,4,0,1,2
2026-06-28,43,41,2,41,31,9,1,31,1,394,4905,31,1,1,0,0,0,0,0,0
2026-06-29,43,41,2,41,31,9,1,31,0,394,4905,31,1,0,0,0,0,0,0,0
2026-06-30,43,41,2,41,31,9,1,31,0,394,4905,31,1,0,0,0,0,0,0,0
2026-07-01,43,41,2,41,31,9,1,31,7,394,4912,31,1,0,0,1,4,0,1,1
2026-07-02,43,41,2,41,31,9,1,31,15,394,4917,31,1,0,0,2,7,0,1,5
2026-07-03,43,37,6,37,28,8,1,28,3,368,4674,28,1,0,3,0,0,0,0,0
2026-07-04,43,41,2,41,31,9,1,31,3,394,4917,31,1,3,0,0,0,0,0,0
2026-07-05,43,41,2,41,31,9,1,31,0,394,4917,31,1,0,0,0,0,0,0,0
2026-07-06,43,40,3,40,30,9,1,30,1,377,4782,30,1,0,1,0,0,0,0,0
2026-07-07,43,41,2,41,31,9,1,31,1,394,4917,31,1,1,0,0,0,0,0,0
2026-07-08,43,41,2,41,31,9,1,31,13,394,4917,31,1,0,0,2,6,1,2,2
2026-07-09,43,40,3,40,30,9,1,30,1,377,4782,30,1,0,1,0,0,0,0,0
2026-07-10,43,41,2,41,31,9,1,31,30,395,4932,31,1,1,0,3,13,2,3,8
2026-07-11,43,42,1,42,31,10,1,31,0,395,4932,31,1,0,0,0,0,0,0,0
2026-07-12,43,41,2,41,31,9,1,31,0,395,4932,31,1,0,0,0,0,0,0,0
2026-07-13,43,41,2,41,31,9,1,31,0,395,4932,31,1,0,0,0,0,0,0,0
2026-07-14,43,41,2,41,31,9,1,31,0,395,4932,31,1,0,0,0,0,0,0,0
2026-07-15,43,41,2,41,31,9,1,31,0,395,4932,31,1,0,0,0,0,0,0,0
2026-07-16,43,41,2,41,30,10,1,30,14,379,4799,30,1,0,1,2,9,1,1,0
2026-07-17,43,41,2,41,31,9,1,31,1,396,4934,31,1,1,0,0,0,0,0,0
2026-07-18,43,41,2,41,31,9,1,31,0,396,4934,31,1,0,0,0,0,0,0,0
2026-07-19,43,42,1,42,31,10,1,31,0,396,4934,31,1,0,0,0,0,0,0,0
2026-07-20,43,41,2,41,31,9,1,31,0,396,4934,31,1,0,0,0,0,0,0,0
2026-07-21,43,41,2,41,31,9,1,31,4,396,4934,31,1,0,0,1,3,0,0,0
2026-07-22,43,41,2,41,31,9,1,31,0,396,4934,31,1,0,0,0,0,0,0,0
2026-07-23,43,41,2,41,31,9,1,31,7,396,4935,31,1,0,0,1,4,0,1,1
2026-07-24,43,41,2,41,31,9,1,31,4,396,4935,31,1,0,0,1,3,0,0,0
2026-07-25,43,41,2,41,31,9,1,31,0,396,4935,31,1,0,0,0,0,0,0,0
2026-07-27,43,41,2,41,31,9,1,31,0,396,4935,31,1,0,0,0,0,0,0,0
2026-07-28,43,40,3,40,30,9,1,30,8,379,4803,30,1,0,1,1,4,0,1,1
2026-07-29,43,40,3,40,30,9,1,30,14,379,4804,30,1,0,0,2,7,0,1,4
2026-07-30,43,40,3,40,30,9,1,30,0,379,4804,30,1,0,0,0,0,0,0,0
2026-07-31,43,39,4,39,30,8,1,30,0,379,4804,30,1,0,0,0,0,0,0,0
2026-08-01,43,41,2,41,31,9,1,31,1,396,4939,31,1,1,0,0,0,0,0,0
2026-08-02,43,41,2,41,31,9,1,31,0,396,4939,31,1,0,0,0,0,0,0,0
2026-08-03,43,41,2,41,31,9,1,31,0,396,4939,31,1,0,0,0,0,0,0,0
2026-08-04,43,41,2,41,31,9,1,31,0,396,4939,31,1,0,0,0,0,0,0,0
